name,seq_type,seq_length,highest_possible_pae,max_pae,min_pae,median_pae,ptm,max_plddt,min_plddt,std_plddt,var_plddt,q1_plddt,median_plddt,q3_plddt,batch_number
5Y9ZA,original,198,31.75,24.05,0.25,2.0575,0.91,98.94,76.89,2.2195839433569433,4.926552881607959,97.29249999999999,98.4,98.73,19
5Y9ZA,predicted,198,31.75,28.95,0.25,8.614999999999998,0.56,88.55,33.69,9.192867534013715,84.5088134979234,70.0825,75.265,80.22250000000001,19
5ZBJA,predicted,185,31.75,27.71,0.25,3.88,0.77,95.78,48.39,8.061244112371734,64.98365663924794,82.14,89.32,92.755,19
5YVKA,predicted,198,31.75,27.09,0.25,5.1274999999999995,0.79,96.42,49.89,12.086150789605883,146.07504090909092,71.485,81.695,89.85749999999999,19
2JGPA,original,520,31.75,31.0,0.25,5.17,0.77,98.81,39.73,9.677938867970662,93.66250073217726,87.8225,94.05,97.0975,19
5W7LA,predicted,185,31.75,30.42,0.25,20.59,0.31,64.99,22.83,11.579690594806294,134.08923427144535,32.725,43.49,52.599999999999994,19
2JGPA,predicted,520,31.75,31.41,0.25,25.04,0.38,85.06,19.98,19.63867658649053,385.6776180687713,31.26,49.93,67.7925,19
5YVKA,original,198,31.75,18.47,0.25,2.1875,0.91,98.93,82.78,2.8676681193974956,8.22352044300877,96.7375,98.17500000000001,98.6725,19
5X9AB,predicted,198,31.75,29.48,0.25,6.880000000000001,0.65,92.25,51.81,7.7694270186430625,60.36399619802082,76.3575,80.705,85.6,19
5ZBJA,original,185,31.75,29.59,0.25,2.04,0.85,98.89,51.48,6.203940085084514,38.488872579318446,96.13499999999999,97.98,98.5,19
5AF7A,predicted,390,31.75,29.18,0.25,7.06,0.74,92.86,42.17,9.965287094358162,99.30694687298134,70.94749999999999,79.03999999999999,84.4125,19
5X9AB,original,198,31.75,28.55,0.25,2.96,0.85,98.31,54.18,8.130488906044022,66.10484985130492,92.63750000000002,95.09,96.64500000000001,19
